{
    "Lenta.ru : \u041d\u043e\u0432\u043e\u0441\u0442\u0438": [
        1672330942.7268403,
        1672330747.0
    ],
    "\"\u0412\u0435\u0434\u043e\u043c\u043e\u0441\u0442\u0438\". \u0415\u0436\u0435\u0434\u043d\u0435\u0432\u043d\u0430\u044f \u0434\u0435\u043b\u043e\u0432\u0430\u044f \u0433\u0430\u0437\u0435\u0442\u0430": [
        1672330942.6200638,
        1672330693.0
    ],
    "\u0422\u0410\u0421\u0421": [
        1672330942.897367,
        1672330801.0
    ]
}