{
    "Lenta.ru : \u041d\u043e\u0432\u043e\u0441\u0442\u0438": [
        1672306593.1767092,
        1672306553.0
    ],
    "\"\u0412\u0435\u0434\u043e\u043c\u043e\u0441\u0442\u0438\". \u0415\u0436\u0435\u0434\u043d\u0435\u0432\u043d\u0430\u044f \u0434\u0435\u043b\u043e\u0432\u0430\u044f \u0433\u0430\u0437\u0435\u0442\u0430": [
        1672306593.069888,
        1672306069.0
    ],
    "\u0422\u0410\u0421\u0421": [
        1672306593.3084261,
        1672306551.0
    ]
}